epoch,lr,train_loss,val_loss,val_acc,val_auc
1,0.0002,4.289770755214968,2.3939872715208264,0.08925318761384335,0.6364385580065511
2,0.0004,4.276792723199596,2.3836229112413196,0.09289617486338798,0.6564535081294314
3,0.0006,4.1064814830171885,2.2103028462992773,0.18214936247723132,0.7008515807124452
4,0.0008,3.8574693306632666,2.149531967110104,0.25136612021857924,0.7161990177014511
5,0.001,3.7382050804469897,2.0304826862282224,0.3224043715846995,0.7540035915987819
6,0.001,3.5429816522460054,1.9580232964621649,0.33879781420765026,0.7756762950762378
7,0.0009998227685994077,3.4040353298187256,1.9072313010692596,0.3697632058287796,0.7886682901982073
8,0.0009992912066543432,3.322065346482871,1.8339704705609217,0.3970856102003643,0.8000068931926934
9,0.0009984057108362516,3.2657448036083276,1.8356508546405368,0.3843351548269581,0.7983113611267062
10,0.0009971669419352968,3.2245907610741216,1.8678660094738007,0.3770491803278688,0.8058365934094535
11,0.000995575824367257,3.2058813986570938,1.8044168651103973,0.4207650273224044,0.8080170284911194
12,0.000993633545483691,3.15338579122571,1.7949119077788458,0.40437158469945356,0.8113179605965176
13,0.0009913415546858903,3.10338310573412,1.749926134943962,0.4408014571948998,0.8184109517736772
14,0.0009887015623432837,3.0911008067753003,1.7504424850145976,0.42987249544626593,0.822803447339949
15,0.0009857155385170938,3.0533254042915674,1.7297804984781477,0.4262295081967213,0.8276955841181436
16,0.0009823857114902048,2.9938144511070806,1.7051030397415161,0.4663023679417122,0.8277532504712578
17,0.0009787145661043328,2.971516726673513,1.7020996378527746,0.453551912568306,0.8291570748175385
18,0.0009747048419057458,2.948724705240001,1.6708065569400787,0.4426229508196721,0.833022981026989
19,0.0009703595311009097,2.8965942168581313,1.695795155233807,0.4517304189435337,0.8383144545119925
20,0.0009656818763235926,2.872182116992232,1.6453092495600383,0.4681238615664845,0.8430156044928448
21,0.0009606753682150903,2.8397942418637485,1.6154131309853659,0.4808743169398907,0.8453433694847952
22,0.0009553437428193777,2.814234813054403,1.6309522291024525,0.48269581056466304,0.8447171523008912
23,0.0009496909787951343,2.802466402883115,1.595575253168742,0.4918032786885246,0.8493679975907288
24,0.0009437212944467191,2.7852805075438125,1.581028464767668,0.48451730418943534,0.8503752886106164
25,0.0009374391445763135,2.767272945763408,1.5754742705159717,0.517304189435337,0.8508639022014344
26,0.0009308492171595821,2.723965561908224,1.5505648851394653,0.51183970856102,0.8559286141856998
27,0.0009239564298473283,2.715254894201306,1.519406548804707,0.5045537340619308,0.8569254055420672
28,0.0009167659262957601,2.680331765741542,1.5369806554582384,0.5209471766848816,0.8578127758299531
29,0.0009092830723281,2.640556812286377,1.4963237411446042,0.5209471766848816,0.8643598216841848
30,0.0009015134519304076,2.6418313392694444,1.5926129288143582,0.5081967213114754,0.8548995653644952
31,0.0008934628630845995,2.6011726925338525,1.504321323500739,0.4936247723132969,0.8625144983845242
32,0.0008851373134417772,2.630019910093667,1.4702653305398092,0.517304189435337,0.8674715590736203
33,0.0008765430158390947,2.5777129608651865,1.4356317271788914,0.5227686703096539,0.8699780191180134
34,0.0008676863836635041,2.5504446945328643,1.4604894320170085,0.517304189435337,0.8697237963868367
35,0.0008585740260658475,2.528281039085941,1.4370142900281482,0.5446265938069217,0.8736760199434119
36,0.0008492127430288608,2.5077116714007612,1.431754579146703,0.5245901639344263,0.8730768327006518
37,0.0008396095202927712,2.488081367119499,1.4490641040934458,0.5391621129326047,0.8719805473656032
38,0.0008297715241422765,2.4981244940688643,1.4445888648430507,0.517304189435337,0.87660024315793
39,0.0008197060960587948,2.4836768654809482,1.4101781911320157,0.5500910746812386,0.8744496934499797
40,0.0008094207472419758,2.450834301934726,1.4433590206835005,0.5391621129326047,0.873323678897684
41,0.0007989231530045619,2.457238254339799,1.4395524495177798,0.5409836065573771,0.8791290484494035
42,0.0007882211470447831,2.4311799830284673,1.4946824030743704,0.5227686703096539,0.8749721558144117
43,0.0007773227156005567,2.4268092694489853,1.4250359717342589,0.5336976320582878,0.8779845702536799
44,0.000766235991489858,2.4036028108735015,1.3883294496271346,0.5537340619307832,0.8837111625849101
45,0.0007549692480417063,2.3756229013636494,1.391187263859643,0.5245901639344263,0.8824199344886434
46,0.0007435308929222973,2.378421907839568,1.365321233868599,0.5373406193078324,0.8855879105149075
47,0.0007319294618608869,2.356349120969358,1.402310113939974,0.5537340619307832,0.8836392859931366
48,0.0007201736122801105,2.33535048927086,1.35247317287657,0.5664845173041895,0.885709206911039
49,0.0007082721168354893,2.324457802634308,1.3638906843132443,0.5573770491803278,0.8866820468395047
50,0.0006962338568689469,2.3290316402048306,1.3925127420160506,0.5610200364298725,0.884537453385435
51,0.0006840678157812183,2.343887522600699,1.3938406440946791,0.5610200364298725,0.8825675320957312
52,0.0006717830723281001,2.2996510319087817,1.3602847970194287,0.5610200364298725,0.8873065611742966
53,0.0006593887938455417,2.289855423180953,1.3454199665122561,0.5628415300546448,0.8890202966229306
54,0.0006468942294086376,2.2802725581155308,1.361386466357443,0.5500910746812386,0.892255263774302
55,0.0006343087029296186,2.2691745723503223,1.3607288921872776,0.5555555555555556,0.8858567673380154
56,0.0006216416062000013,2.2574191352595454,1.3097965750429366,0.581056466302368,0.8918558675793143
57,0.0006089023918820792,2.2435433639996294,1.3542128511601024,0.5664845173041895,0.8910976163830445
58,0.0005961005664549936,2.2283586505530537,1.3371227350499895,0.5664845173041895,0.8933732548585112
59,0.0005832456831206418,2.213477507881496,1.3074592732720904,0.5664845173041895,0.8944325162384136
60,0.0005703473346747199,2.2205274174178857,1.3235025058190029,0.5664845173041895,0.8917163603645138
61,0.0005574151463482188,2.2084485136944316,1.3241869293981128,0.5537340619307832,0.8944157554440978
62,0.0005444587686247168,2.1889149537984878,1.2884443038039737,0.599271402550091,0.8944807760232897
63,0.0005314878700388267,2.198809587437174,1.3081705537107255,0.5701275045537341,0.8951173887664009
64,0.0005185121299611734,2.202106904292452,1.313785148991479,0.5683060109289617,0.8941423998274842
65,0.0005055412313752832,2.1663691479226816,1.3045279946592119,0.5828779599271403,0.8982440130725273
66,0.0004925848536517813,2.1650523171908613,1.2796589036782582,0.5901639344262295,0.8974341484453136
67,0.0004796526653252802,2.1556712440822436,1.2878058950106304,0.5828779599271403,0.8964135543814904
68,0.00046675431687935825,2.1597030715665957,1.296587098803785,0.5774134790528234,0.8973432207643487
69,0.0004538994335450066,2.152095775673355,1.2970979106095102,0.5901639344262295,0.8978737958291352
70,0.000441097608117921,2.1237732621206753,1.3014076095488336,0.5828779599271403,0.8983335056011836
71,0.000428358393799999,2.1284141816954683,1.2963668894436624,0.5828779599271403,0.8983446596346684
72,0.0004156912970703815,2.1246244855549024,1.2867683221896489,0.5774134790528234,0.8989319046255776
73,0.0004031057705913626,2.1313628528429116,1.2823351215985086,0.5919854280510018,0.8988368871323352
74,0.00039061120615445816,2.1097428073053774,1.2828699358635478,0.5883424408014571,0.8983344945921528
75,0.0003782169276719,2.094203765841498,1.2735910705394216,0.5846994535519126,0.9021734898368166
76,0.0003659321842187815,2.0997747562933657,1.2787153729134135,0.5883424408014571,0.9016120627154123
77,0.00035376614313105306,2.0672337991603906,1.2823985748820834,0.5901639344262295,0.8991300225683279
78,0.00034172788316451066,2.086469102596891,1.270887040429645,0.5774134790528234,0.9003181873951988
79,0.0003298263877198896,2.0593754813291025,1.2681887141532369,0.599271402550091,0.899740497692974
80,0.00031807053813911313,2.0529925149420034,1.2727510821488168,0.581056466302368,0.900477816486405
81,0.0003064691070777027,2.070166850435561,1.254793985022439,0.5919854280510018,0.9015794334494593
82,0.0002950307519582939,2.0552676674248516,1.2551302802231576,0.5901639344262295,0.9033877179219292
83,0.0002837640085101421,2.0537325783052305,1.2736287439862888,0.575591985428051,0.9033773297987441
84,0.0002726772843994435,2.0454709305279497,1.2688849394520123,0.5664845173041895,0.9042756756555783
85,0.00026177885295521704,2.05059800458991,1.2599254937635527,0.5865209471766849,0.9012181766129661
86,0.0002510768469954381,2.027826112249623,1.2599093698792987,0.5919854280510018,0.9012413770026139
87,0.00024057925275802427,2.0560025011283765,1.2567626684904099,0.5846994535519126,0.90271929387532
88,0.00023029390394120513,2.041651862255041,1.262505418724484,0.5974499089253188,0.9020615702648339
89,0.0002202284758577235,2.0391861407653145,1.2476893464724224,0.5901639344262295,0.9044848732715896
90,0.00021039047970722896,2.0305487349413442,1.2530677914619446,0.6010928961748634,0.9037897687768858
91,0.00020078725697113942,2.028667802396028,1.243337433371279,0.6029143897996357,0.9042232665702463
92,0.00019142597393415262,2.024417481560638,1.2485897027783923,0.599271402550091,0.9039500968541906
93,0.00018231361633649608,2.0078596930572954,1.2512819601429834,0.5974499089253188,0.9031067924345909
94,0.00017345698416090533,2.012587122295214,1.2552577935987048,0.5865209471766849,0.9035867207513356
95,0.00016486268655822278,1.9899264764094697,1.2409169723590214,0.5919854280510018,0.9037610880387864
96,0.00015653713691540056,2.015896489654762,1.2582067449887593,0.5865209471766849,0.9032720282866289
97,0.00014848654806959242,1.996745847273564,1.2668516412377357,0.5828779599271403,0.903185956328241
98,0.00014071692767190003,2.0003596837969795,1.2581933289766312,0.5956284153005464,0.9048862474485148
99,0.00013323407370423996,1.9890746068263399,1.2511548573772113,0.5956284153005464,0.9041621945189081
100,0.00012604357015267166,1.9889349902885547,1.2550431051188045,0.5846994535519126,0.9037457400887118
101,0.00011915078284041793,2.007570655449577,1.2432761664191883,0.5938069216757741,0.9044287833552076
102,0.00011256085542368656,1.9847210852996162,1.2495001860790782,0.5901639344262295,0.9057240194675065
103,0.000106278705553281,1.9819380632345227,1.2416483875777986,0.6029143897996357,0.9039695123084759
104,0.00010030902120486571,1.9745489669882732,1.2476504345734913,0.6065573770491803,0.9042722699573544
105,9.465625718062236e-05,1.9828252274057139,1.259769868519571,0.5901639344262295,0.9036941638378798
106,8.932463178490991e-05,1.999593064404916,1.2429326449831326,0.5974499089253188,0.9044164098140622
107,8.431812367640732e-05,1.9804096722948379,1.2458378258678648,0.5974499089253188,0.9053791813683023
108,7.964046889909038e-05,1.9558228029721025,1.2403911633623972,0.599271402550091,0.9043144545119923
109,7.52951580942542e-05,1.9886340282965398,1.2399732147653897,0.5974499089253188,0.9048389469105186
110,7.128543389566719e-05,1.9743654399678328,1.2421669496430292,0.5938069216757741,0.9053058621881984
111,6.76142885097954e-05,1.9675226988999739,1.2382348047362433,0.6065573770491803,0.9052433252404622
112,6.428446148290617e-05,1.9787209016689356,1.242328818473551,0.6029143897996357,0.9050575659668131
113,6.129843765671634e-05,1.971998285556185,1.2418363293011982,0.6083788706739527,0.9054788909916307
114,5.8658445314109704e-05,1.9668302397797073,1.2371045309636328,0.5974499089253188,0.9054019727767223
115,5.636645451630909e-05,1.9513293712035469,1.236983152727286,0.6083788706739527,0.9061413662203816
116,5.442417563274289e-05,1.9641195742980293,1.2401931583881378,0.6010928961748634,0.9053716189336
117,5.2833058064703294e-05,1.9633941788604294,1.2370980837278895,0.599271402550091,0.9054775525076127
118,5.1594289163748455e-05,1.9724359961523525,1.2349555301997397,0.6083788706739527,0.9056435914500615
119,5.0708793345656716e-05,1.961951038111811,1.2384331938293245,0.6102003642987249,0.9057491904030694
120,5.017723140059243e-05,1.9628148769986802,1.2367551219132211,0.6065573770491803,0.9059491896594672
